"organ"	"BioProject"	"library selection"	"instrument"	"mapping rate"
0.462908011869436	0.0765306122448981	0.0279160839160839	-0.00702903196263405	-0.00137986875747353
