"organ"	"BioProject"	"library selection"	"instrument"	"mapping rate"
-0.00337823991007546	0.472401789793541	-0.00221689018741622	-0.00305131499853051	0.00335403650652288
