"organ"	"BioProject"	"library selection"	"instrument"	"mapping rate"
-0.0040171969507663	0.472581600621139	-0.00218732172778457	-0.00316752943608378	0.00136755090905227
