{"normalized_values": [0.26785714285714285, 0.4107142857142857, 0.32142857142857145], "samples": ["sample_A", "sample_B", "sample_C"], "statistics": {"max": 2.3, "mean": 1.8666666666666665, "min": 1.5}}