{"a1": 4.479205338329425, "a2": 1.6247327336215294, "b1": 0.3469387755102041, "b2": 0.23156462585034013, "c1": 0.12368488905788924, "c2": 0.08036099672060323, "e1": 0.027613132177597165, "e2": 0.0037053185090011997}