{"a1": 2.828968253968254, "a2": 1.5397677311665408, "b1": 0.4074074074074074, "b2": 0.27901234567901234, "c1": 0.05392164502839214, "c2": 0.04722677200132802, "e1": 0.019060533801591836, "e2": 0.004948927769896327}