{"a1": 5.17737751763962, "a2": 1.634883900184893, "b1": 0.3400673400673401, "b2": 0.22677890011223345, "c1": 0.14691936185000068, "c2": 0.09075917242966192, "e1": 0.028377177702309336, "e2": 0.003191237114782203}