{
  "config_overrides": {
    "embedding_dim": 100,
    "epochs": 15,
    "model_type": "embedding",
    "window_size": 5
  },
  "n_events": 1752,
  "n_sequences": 100,
  "results": {
    "correlation": NaN,
    "embedding_dim": 100,
    "embeddings": "output/life_events/full_analysis/embeddings.json",
    "model": "output/life_events/full_analysis/model.json",
    "model_type": "embedding",
    "n_events": 1752,
    "n_sequences": 100,
    "predictions": [
      0.9998133979654759,
      1.0000438083861716,
      1.000368222105009,
      1.0000825689648187,
      1.0000979401966512,
      1.0000877281793121,
      1.0000131308252045,
      1.000095000793462,
      1.0000706177210965,
      0.9996723822804243,
      1.0002765528856825,
      0.9998554300104389,
      0.9999881087194321,
      0.9997768919103291,
      0.9999606328910781,
      1.0000159981342076,
      0.9998761862204636,
      0.9999574272993005,
      0.9999963862475408,
      0.9999472844925191,
      1.0001440669612238,
      1.0000334899409502,
      0.9998503978501647,
      0.9998866431033117,
      0.9999621818391106,
      0.9999892391573325,
      0.9998617273102725,
      0.9998978408394397,
      1.000130245865476,
      1.0000240075094036,
      0.9999387534762271,
      0.9999597984763209,
      1.000072103455566,
      0.9999368131205751,
      1.0002567714937998,
      1.0000382516735917,
      1.0000320582456474,
      1.0000666972287569,
      1.0000287148462634,
      1.0001921287996123,
      1.0000445881831932,
      1.0001149241956284,
      1.0000121155290196,
      0.9999076602057914,
      0.9999045278763694,
      1.0000836148952725,
      1.000140186800412,
      1.0000601264882998,
      0.9997211683329846,
      0.9999907783926885,
      1.0001118808629026,
      0.9999264213804697,
      0.999952219438416,
      0.9997806027275818,
      0.9997956561515954,
      1.0000962880368809,
      0.9999200614021365,
      0.9998169820132404,
      1.0002258443157235,
      1.0001458440528515,
      0.999925982752184,
      0.999950142666034,
      0.9999279147899939,
      0.9999445222678878,
      0.9997712801471734,
      1.0000798837045473,
      1.0001000365681352,
      0.9998166953006323,
      0.9999314827600565,
      1.000029198302724,
      0.9999855655939931,
      1.0001249177142661,
      1.0000787705520429,
      1.0001116417911653,
      0.9998879128781527,
      0.9999569818986476,
      0.9997420979720982,
      1.000209582409639,
      1.0002754999310508,
      0.9999338132993779,
      0.9998753421763382,
      0.999958119595669,
      1.0001256461527577,
      0.9999658179816802,
      0.9999785835663013,
      1.0000481063147157,
      1.0001966852749156,
      0.9998018096066701,
      1.0001826818582273,
      0.9999983723095313,
      0.9999471045195326,
      0.999865958372201,
      1.0000401277487985,
      1.000016557275099,
      0.9999901044809992,
      1.000077066111951,
      1.0000529051821552,
      1.0000819513588552,
      0.9998863954778333,
      1.0000776226328516
    ],
    "task_type": "regression"
  }
}