{
  "math_biology_modeling": {
    "carrying_capacity_reached": true,
    "final_population": 99.93267870520003,
    "model": "logistic_growth",
    "parameters": {
      "K": 100,
      "N0": 10,
      "r": 0.5,
      "t_max": 20
    },
    "time_series": {
      "population": [
        10.0,
        15.482809896025467,
        23.19693166840739,
        33.24278617431193,
        45.085306037928376,
        57.51208513645147,
        69.05678577030156,
        78.63017115706754,
        85.84864497582141,
        90.91066375909784,
        94.28256185740149,
        96.45239014119437,
        97.8178051236962,
        98.66496896811478,
        99.18598678672114,
        99.50468960281843,
        99.69899242601383,
        99.81721318989757,
        99.88905440229227,
        99.93267870520003
      ],
      "time": [
        0,
        1,
        2,
        3,
        4,
        5,
        6,
        7,
        8,
        9,
        10,
        11,
        12,
        13,
        14,
        15,
        16,
        17,
        18,
        19
      ]
    }
  }
}