CHR	POS	SNP	REF	ALT	BETA	SE	P	N	MAF
NC_037642.1	507412	rs4507	A	T	3.95927	0.411719	0.000000e+00	500	0.0000
NC_037648.1	477410	rs10477	G	A	4.07404	0.487873	0.000000e+00	500	0.0000
NC_037650.1	150179	rs12150	G	T	3.38574	0.405599	0.000000e+00	500	0.0000
NC_037639.1	825391	rs1825	T	G	3.45052	0.485488	1.191269e-12	500	0.0000
NC_037638.1	410196	rs410	A	G	3.57847	0.558594	1.498801e-10	500	0.0000
