{"I": [10.0, 10.0197, 10.039437916244731, 10.059213818176593, 10.07902777535114, 10.09887985743721, 10.118770134217044, 10.138698675586426, 10.158665551554796, 10.17867083224539, 10.198714587895358, 10.218796888855897, 10.238917805592372, 10.259077408684451, 10.27927576882622, 10.299512956826323, 10.319789043608077, 10.340104100209604, 10.360458197783956, 10.38085140759924, 10.401283801038746, 10.421755449601072, 10.44226642490025, 10.462816798665868, 10.4834066427432, 10.50403602909333, 10.524705029793274, 10.545413717036112, 10.566162163131104, 10.586950440503818, 10.607778621696262, 10.628646779366997, 10.64955498629127, 10.670503315361128, 10.691491839585554, 10.712520632090586, 10.733589766119437, 10.754699315032623, 10.775849352308084, 10.797039951541311, 10.818271186445463, 10.839543130851494, 10.860855858708277, 10.88220944408272, 10.9036039611599, 10.925039484243174, 10.946516087754302, 10.968033846233581, 10.98959283433995, 11.011193126851126, 11.032834798663714, 11.054517924793338, 11.076242580374755, 11.09800884066198, 11.119816781028401, 11.14166647696691, 11.163558004090012, 11.185491438129954, 11.20746685493884, 11.229484330488749, 11.25154394087186, 11.273645762300573, 11.295789871107617, 11.317976343746183, 11.340205256790032, 11.362476686933618, 11.38479071099221, 11.407147405902, 11.429546848720234, 11.45198911662532, 11.47447428691695, 11.497002437016215, 11.519573644465726, 11.542187986929726, 11.56484554219421, 11.587546388167041, 11.610290602878068, 11.633078264479236, 11.65590945124471, 11.678784241570986, 11.701702713977005, 11.724664947104273, 11.747671019716972, 11.770721010702077, 11.793814999069468, 11.816953063952049, 11.840135284605854, 11.86336174041017, 11.886632510867644, 11.9099476756044, 11.933307314370147, 11.9567115070383, 11.980160333606085, 12.003653874194656, 12.027192209049204, 12.050775418539068, 12.074403583157853, 12.098076783523531, 12.121795100378565, 12.145558614590005], "R": [0.0, 0.01, 0.0200197, 0.030059137916244733, 0.040118351734421326, 0.05019737950977247, 0.06029625936720968, 0.07041502950142672, 0.08055372817701315, 0.09071239372856794, 0.10089106456081333, 0.11108977914870868, 0.12130857603756458, 0.13154749384315695, 0.1418065712518414, 0.15208584702066763, 0.16238535997749395, 0.17270514902110204, 0.18304525312131165, 0.1934057113190956, 0.20378656272669482, 0.21418784652773357, 0.22460960197733465, 0.2350518684022349, 0.24551468520090078, 0.25599809184364397, 0.2665021278727373, 0.2770268329025306, 0.2875722466195667, 0.2981384087826978, 0.30872535922320166, 0.3193331378448979, 0.3299617846242649, 0.3406113396105562, 0.3512818429259173, 0.36197333476550286, 0.37268585539759347, 0.3834194451637129, 0.39417414447874555, 0.4049499938310536, 0.4157470337825949, 0.4265653049690404, 0.4374048480998919, 0.44826570395860016, 0.4591479134026829, 0.4700515173638428, 0.480976556848086, 0.4919230729358403, 0.5028911067820739, 0.5138806996164139, 0.5248918927432651, 0.5359247275419288, 0.5469792454667222, 0.5580554880470969, 0.569153496887759, 0.5802733136687873, 0.5914149801457542, 0.6025785381498442, 0.6137640295879742, 0.6249714964429129, 0.6362009807734017, 0.6474525247142736, 0.6587261704765742, 0.6700219603476818, 0.681339936691428, 0.692680141948218, 0.7040426186351516, 0.7154274093461438, 0.7268345567520458, 0.738264103600766, 0.7497160927173914, 0.7611905670043083, 0.7726875694413246, 0.7842071430857903, 0.7957493310727201, 0.8073141766149142, 0.8189017230030813, 0.8305120136059594, 0.8421450918704386, 0.8538010013216834, 0.8654797855632543, 0.8771814882772313, 0.8889061532243355, 0.9006538242440525, 0.9124245452547546, 0.9242183602538241, 0.9360353133177761, 0.9478754486023819, 0.9597388103427921, 0.9716254428536597, 0.9835353905292641, 0.9954686978436342, 1.0074254093506725, 1.0194055696842785, 1.031409223558473, 1.0434364157675222, 1.0554871911860613, 1.0675615947692192, 1.0796596715527427, 1.0917814666531211], "R0": 2.9999999999999996, "S": [990.0, 989.9703, 989.9405423837552, 989.9107270439071, 989.8808538729144, 989.850922763053, 989.8209336064157, 989.7908862949121, 989.7607807202681, 989.730616774026, 989.7003943475438, 989.6701133319954, 989.63977361837, 989.6093750974724, 989.5789176599219, 989.548401196153, 989.5178255964145, 989.4871907507693, 989.4564965490947, 989.4257428810816, 989.3949296362346, 989.3640567038711, 989.3331239731224, 989.3021313329318, 989.2710786720559, 989.239965879063, 989.208792842334, 989.1775594500614, 989.1462655902493, 989.1149111507134, 989.0834960190805, 989.0520200827881, 989.0204832290844, 988.9888853450283, 988.9572263174884, 988.9255060331438, 988.893724378483, 988.8618812398037, 988.8299765032132, 988.7980100546276, 988.7659817797719, 988.7338915641794, 988.7017392931918, 988.6695248519587, 988.6372481254375, 988.6049089983931, 988.5725073553976, 988.5400430808306, 988.5075160588781, 988.4749261735326, 988.4422733085931, 988.4095573476649, 988.3767781741586, 988.343935671291, 988.3110297220838, 988.2780602093643, 988.2450270157642, 988.2119300237201, 988.1787691154731, 988.1455441730682, 988.1122550783546, 988.0789017129849, 988.0454839584156, 988.012001695906, 987.9784548065184, 987.944843171118, 987.9111666703725, 987.8774251847517, 987.8436185945276, 987.8097467797738, 987.7758096203655, 987.7418069959793, 987.7077387860928, 987.6736048699844, 987.639405126733, 987.605139435218, 987.5708076741188, 987.5364097219148, 987.5019454568848, 987.4674147571072, 987.4328175004597, 987.3981535646185, 987.3634228270587, 987.3286251650538, 987.2937604556757, 987.258828575794, 987.2238294020763, 987.1887628109873, 987.1536286787895, 987.1184268815418, 987.0831572951005, 987.0478197951179, 987.0124142570431, 986.976940556121, 986.9413985673923, 986.9057881656934, 986.870109225656, 986.8343616217072, 986.7985452280686, 986.7626599187569], "time_points": [0.0, 0.01, 0.02, 0.03, 0.04, 0.05, 0.06, 0.07, 0.08, 0.09, 0.1, 0.11, 0.12, 0.13, 0.14, 0.15, 0.16, 0.17, 0.18, 0.19, 0.2, 0.21, 0.22, 0.23, 0.24, 0.25, 0.26, 0.27, 0.28, 0.29, 0.3, 0.31, 0.32, 0.33, 0.34, 0.35000000000000003, 0.36, 0.37, 0.38, 0.39, 0.4, 0.41000000000000003, 0.42, 0.43, 0.44, 0.45, 0.46, 0.47000000000000003, 0.48, 0.49, 0.5, 0.51, 0.52, 0.53, 0.54, 0.55, 0.56, 0.5700000000000001, 0.58, 0.59, 0.6, 0.61, 0.62, 0.63, 0.64, 0.65, 0.66, 0.67, 0.68, 0.6900000000000001, 0.7000000000000001, 0.71, 0.72, 0.73, 0.74, 0.75, 0.76, 0.77, 0.78, 0.79, 0.8, 0.81, 0.8200000000000001, 0.8300000000000001, 0.84, 0.85, 0.86, 0.87, 0.88, 0.89, 0.9, 0.91, 0.92, 0.93, 0.9400000000000001, 0.9500000000000001, 0.96, 0.97, 0.98, 0.99]}