{
  "ml_pipeline": {
    "cv_results": {
      "accuracy": 0.835,
      "class_distribution": [
        100,
        100
      ],
      "cross_validation": {
        "accuracy": {
          "mean": 0.835,
          "scores": [
            0.825,
            0.875,
            0.8,
            0.85,
            0.825
          ],
          "std": 0.025495097567963917
        },
        "f1_weighted": {
          "mean": 0.8442563046917112,
          "scores": [
            0.924953095684803,
            0.8,
            0.7748592870544091,
            0.8749218261413384,
            0.846547314578005
          ],
          "std": 0.05335196635659641
        },
        "precision_weighted": {
          "mean": 0.8539996772233615,
          "scores": [
            0.7756892230576441,
            0.8535353535353536,
            0.8,
            0.8645833333333333,
            0.9761904761904763
          ],
          "std": 0.06941370627942495
        },
        "recall_weighted": {
          "mean": 0.835,
          "scores": [
            0.775,
            0.875,
            0.8,
            0.925,
            0.8
          ],
          "std": 0.05612486080160912
        },
        "roc_auc": {
          "mean": 0.8785000000000001,
          "scores": [
            0.7812499999999999,
            0.91875,
            0.895,
            0.93375,
            0.86375
          ],
          "std": 0.054074023338383126
        }
      },
      "cv_folds": 5,
      "mean_accuracy": 0.835,
      "method": "rf",
      "n_classes": 2,
      "n_features": 50,
      "n_samples": 200
    },
    "dataset_shape": [
      200,
      50
    ],
    "model_type": "random_forest"
  }
}