{
  "ml_pipeline": {
    "cv_results": {
      "accuracy": 0.82,
      "class_distribution": [
        100,
        100
      ],
      "cross_validation": {
        "accuracy": {
          "mean": 0.82,
          "scores": [
            0.825,
            0.825,
            0.825,
            0.85,
            0.775
          ],
          "std": 0.024494897427831765
        },
        "f1_weighted": {
          "mean": 0.8046187958383081,
          "scores": [
            0.8,
            0.7248280175109443,
            0.8248905565978737,
            0.8248905565978737,
            0.8484848484848484
          ],
          "std": 0.04274112942929247
        },
        "precision_weighted": {
          "mean": 0.823222506393862,
          "scores": [
            0.75,
            0.85,
            0.8,
            0.8324808184143222,
            0.8836317135549873
          ],
          "std": 0.04550350109814151
        },
        "recall_weighted": {
          "mean": 0.8450000000000001,
          "scores": [
            0.8,
            0.825,
            0.825,
            0.95,
            0.825
          ],
          "std": 0.05338539126015654
        },
        "roc_auc": {
          "mean": 0.8872499999999999,
          "scores": [
            0.88875,
            0.8775000000000001,
            0.87375,
            0.91875,
            0.8775
          ],
          "std": 0.016534055763786432
        }
      },
      "cv_folds": 5,
      "mean_accuracy": 0.82,
      "method": "rf",
      "n_classes": 2,
      "n_features": 50,
      "n_samples": 200
    },
    "dataset_shape": [
      200,
      50
    ],
    "model_type": "random_forest"
  }
}