{
  "timestamp": 1766786549.409764,
  "runs": 1,
  "examples": {
    "core/example_config.py": {
      "mean": 0.054878950119018555,
      "median": 0.054878950119018555,
      "stdev": 0,
      "min": 0.054878950119018555,
      "max": 0.054878950119018555,
      "runs": 1
    },
    "core/example_io.py": {
      "mean": 0.25871896743774414,
      "median": 0.25871896743774414,
      "stdev": 0,
      "min": 0.25871896743774414,
      "max": 0.25871896743774414,
      "runs": 1
    },
    "core/example_logging.py": {
      "mean": 0.6847271919250488,
      "median": 0.6847271919250488,
      "stdev": 0,
      "min": 0.6847271919250488,
      "max": 0.6847271919250488,
      "runs": 1
    },
    "core/example_paths.py": {
      "mean": 0.05578494071960449,
      "median": 0.05578494071960449,
      "stdev": 0,
      "min": 0.05578494071960449,
      "max": 0.05578494071960449,
      "runs": 1
    },
    "core/example_workflow.py": {
      "mean": 0.05287003517150879,
      "median": 0.05287003517150879,
      "stdev": 0,
      "min": 0.05287003517150879,
      "max": 0.05287003517150879,
      "runs": 1
    }
  },
  "overall": {
    "total_mean": 0.22139601707458495,
    "total_median": 0.05578494071960449,
    "total_stdev": 0.27368994728865076,
    "total_examples": 5
  }
}