{
  "ecology_analysis": {
    "abundance_matrix": [
      [
        20,
        10,
        12,
        3,
        6
      ],
      [
        21,
        15,
        11,
        14,
        5
      ],
      [
        26,
        11,
        11,
        10,
        6
      ],
      [
        25,
        17,
        7,
        8,
        3
      ],
      [
        14,
        15,
        7,
        8,
        4
      ]
    ],
    "diversity_indices": [
      1.5881671612050023,
      1.5899660608710406,
      1.583381888287171,
      1.5160941836601722,
      1.5784989343733185
    ],
    "mean_diversity": 1.571221645679341,
    "sites": 5,
    "species": [
      "Species_A",
      "Species_B",
      "Species_C",
      "Species_D",
      "Species_E"
    ]
  }
}