{
  "ecology_analysis": {
    "abundance_matrix": [
      [
        13,
        12,
        15,
        6,
        3
      ],
      [
        20,
        13,
        9,
        10,
        3
      ],
      [
        21,
        9,
        16,
        10,
        5
      ],
      [
        22,
        17,
        10,
        15,
        5
      ],
      [
        24,
        17,
        9,
        4,
        7
      ]
    ],
    "diversity_indices": [
      1.590468343863038,
      1.5832209943173818,
      1.5765532762046677,
      1.5184805089644984,
      1.556910568114504
    ],
    "mean_diversity": 1.565126738292818,
    "sites": 5,
    "species": [
      "Species_A",
      "Species_B",
      "Species_C",
      "Species_D",
      "Species_E"
    ]
  }
}